Build,Diff_type,LRG_start,LRG_end,Geno_coord_start,Geno_coord_end,LRG_allele,Ref_allele
GRCh37.p13,lrg_ins,3268,3268,1505987,1505988,T,-
GRCh37.p13,mismatch,4979,4979,1504277,1504277,C,T
GRCh37.p13,lrg_ins,5320,5322,1503936,1503937,ATA,-
GRCh37.p13,lrg_ins,6657,6658,1502602,1502603,TT,-
GRCh37.p13,mismatch,8048,8048,1501213,1501213,A,C
GRCh37.p13,other_ins,13607,13608,1495650,1495653,-,CTCT
GRCh38.p7,lrg_ins,3268,3268,49266558,49266559,T,-
GRCh38.p7,mismatch,4979,4979,49264848,49264848,C,T
GRCh38.p7,lrg_ins,5320,5322,49264507,49264508,ATA,-
GRCh38.p7,lrg_ins,6657,6658,49263173,49263174,TT,-
GRCh38.p7,mismatch,8048,8048,49261784,49261784,A,C
GRCh38.p7,other_ins,13607,13608,49256221,49256224,-,CTCT
